番号,百景,番号,ポイント,緯度,経度,写真,
1,義経や親鸞も通った　加越国境の旧北陸道,1-1,切通し道（あわら市細呂木）,36.267437,136.248734,○,
1,義経や親鸞も通った　加越国境の旧北陸道,1-2,越前の国への道標「右　吉崎（蓮如道）、左　細呂木（一里）」（加賀市橘町）,36.283688,136.271072,,
1,義経や親鸞も通った　加越国境の旧北陸道,1-3,越前に続く旧北陸道（市史跡）（あわら市細呂木）,36.276402,136.262466,,
1,義経や親鸞も通った　加越国境の旧北陸道,1-4,細呂木関所跡（市史跡）,36.263412,136.2491 ,○,
1,義経や親鸞も通った　加越国境の旧北陸道,1-5,千束一里塚（県史跡）（あわら市北金津）,36.224403,136.223862,○,
1,義経や親鸞も通った　加越国境の旧北陸道,1-6,坂ノ下宿場口跡（市史跡）（あわら市花乃杜）,36.218151,136.222427,,
2,20万株の花菖蒲　北潟湖,2-1,北潟湖の朝日,36.261402,136.225616,○,
2,20万株の花菖蒲　北潟湖,2-2,300種20万株の花菖蒲（花菖蒲園）,36.263256,136.232758,○,
2,20万株の花菖蒲　北潟湖,2-3,風力発電の風車と北潟湖とアイリスブリッジ,36.25597,136.232864,,
2,20万株の花菖蒲　北潟湖,2-4,北潟湖でのカヌー交流大会,36.258533,136.228714,○,
2,20万株の花菖蒲　北潟湖,2-5,北潟湖畔イベント（観月の夕べ）で灯すロウソクの灯り,36.260056,136.227936,○,
3,蓮如上人布教の聖地　吉崎御坊,3-1,遊歩道から望む吉崎御坊別院,36.287724,136.251953,○,
3,蓮如上人布教の聖地　吉崎御坊,3-2,吉崎御坊跡（御山）から望む「鹿島の森」,36.287663,136.25029,○,
3,蓮如上人布教の聖地　吉崎御坊,3-3,吉崎御坊跡（国史跡）に整備された公園,36.287334,136.251266,,
3,蓮如上人布教の聖地　吉崎御坊,3-4,本願寺吉崎別院　念力門（市文化財）,36.288452,136.251297,,
3,蓮如上人布教の聖地　吉崎御坊,3-5,高村光雲作の「蓮如上人銅像」,36.286854,136.250687,○,
3,蓮如上人布教の聖地　吉崎御坊,3-6,蓮如上人記念館,36.289284,136.251541,○,
3,蓮如上人布教の聖地　吉崎御坊,3-7,吉崎諸寺院の遠景,36.289169,136.247803,○,
3,蓮如上人布教の聖地　吉崎御坊,3-8,蓮如上人御影道中,36.288235,136.251923,○,
4,文人墨客に愛された名湯　あわら温泉,4-1,田園の中のあわら温泉,36.208858,136.189575,,
4,文人墨客に愛された名湯　あわら温泉,4-2,落ち着いた雰囲気のあわら温泉街,36.225117,136.193054,○,
4,文人墨客に愛された名湯　あわら温泉,4-3,赤ちょうちんが灯る屋台村「湯けむり横丁」,36.223492,136.192963,○,
4,文人墨客に愛された名湯　あわら温泉,4-4,あわら温泉の芸妓,36.224094,136.192657,,
4,文人墨客に愛された名湯　あわら温泉,4-5,あわら温泉湯かけ祭,36.224339,136.1931,○,
4,文人墨客に愛された名湯　あわら温泉,4-6,温泉街に続く並木道（あわら市井江葭),36.223118,136.213425,○,
4,文人墨客に愛された名湯　あわら温泉,4-7,渡り鳥が飛来する大堤（通称「鴨池」）（坂井市三国町加戸）,36.228722,136.178802,,
5,多彩な果樹が迎える　坂井丘陵フルーツライン,5-1,香り漂うラベンダー畑（坂井市三国町加戸）,36.235516,136.176346,○,
5,多彩な果樹が迎える　坂井丘陵フルーツライン,5-2,坂井北部丘陵地を走る広域農道（フルーツライン）（坂井市三国町陣ヶ岡）,36.2369,136.144302,○,
5,多彩な果樹が迎える　坂井丘陵フルーツライン,5-3,朝日に映るビニールハウス（あわら市井江葭）,36.233959,136.215195,○,
5,多彩な果樹が迎える　坂井丘陵フルーツライン,5-4,ブロッコリー畑（あわら市城新田）,36.254242,136.188461,○,
5,多彩な果樹が迎える　坂井丘陵フルーツライン,5-5,森の中にある水辺の広場（金津創作の森）（あわら市宮谷）,36.231327,136.261154,○,
6,天下の奇勝　東尋坊,6-1,東尋坊（国天然記念物名勝）,36.237759,136.126236,○,
6,天下の奇勝　東尋坊,6-2,東尋坊からの夕陽,36.237644,136.125671,○,
6,天下の奇勝　東尋坊,6-3,日本海から見る神の島「雄島」,36.250546,136.116379,○,
6,天下の奇勝　東尋坊,6-4,文学碑の小径「荒磯遊歩道」,36.235767,136.127014,○,
6,天下の奇勝　東尋坊,6-5,伝統ある「雄島祭り」,36.249695,136.123154,,
6,天下の奇勝　東尋坊,6-6,岬の突端に浮かぶ「越前松島」,36.252823,136.1409,○,
7,北前船の栄華漂う湊町　三国,7-1,格子窓の連なる町並み（右　旧岸名家（国登録文化財）、左　三国湊町家館）,36.213875,136.148865,○,
7,北前船の栄華漂う湊町　三国,7-2,立ち並ぶ町家、土蔵,36.214844,136.145767,○,
7,北前船の栄華漂う湊町　三国,7-3,初秋の風物詩「帯のまち流し」,36.216278,136.14476,,
7,北前船の栄華漂う湊町　三国,7-4,旧森田銀行本店（国登録文化財）,36.213558,136.149475,○,
7,北前船の栄華漂う湊町　三国,7-5,アーチを描く眼鏡橋（国登録文化財）,36.21994,136.14122,,
7,北前船の栄華漂う湊町　三国,7-6,三国のランドマーク「みくに龍翔館」,36.219814,136.152008,○,
7,北前船の栄華漂う湊町　三国,7-7,北陸を代表する祭「三国祭」（県民俗文化財）,36.20813,136.155991,○,
7,北前船の栄華漂う湊町　三国,7-8,瀧谷寺の庭園（国名勝）,36.221756,136.146133,○,
8,コシヒカリのふるさと　坂井平野,8-1,豊かな実りをむかえた坂井平野,36.179974,136.241577,○,
8,コシヒカリのふるさと　坂井平野,8-2,田植え後の坂井平野,36.159985,136.227386,,
8,コシヒカリのふるさと　坂井平野,8-3,道の駅「いねす」（坂井市坂井町蔵垣内）,36.17128,136.22171,○,
8,コシヒカリのふるさと　坂井平野,8-4,田植えの途中の休憩,36.148827,136.178192,○,
8,コシヒカリのふるさと　坂井平野,8-5,稲わらの天日乾し,36.153053,136.178711,○,
8,コシヒカリのふるさと　坂井平野,8-6,麦刈,36.177273,136.239304,,
9,田園の中のオアシス　春江ゆりの里,9-1,色とりどりのゆりが咲き誇る「ゆりの里公園」（坂井市春江町石塚）,36.148174,136.188354,○,
9,田園の中のオアシス　春江ゆりの里,9-2,ゆりの里公園のシンボル「ユリーム春江」,36.148575,136.188583,○,
9,田園の中のオアシス　春江ゆりの里,9-3,紀倍神社の参道と松並木（坂井市春江町木部西方寺）,36.15839,136.17453,○,
9,田園の中のオアシス　春江ゆりの里,9-4,次代の子どもたちが集う「エンゼルランドふくい」（坂井市春江町東太郎丸）,36.130875,136.216644,○,
9,田園の中のオアシス　春江ゆりの里,9-5,藤鷲塚のフジ（県天然記念物）,36.144482,136.214767,○,
10,日本最古の天守閣　丸岡城,10-1,日本最古の天守閣　丸岡城（国重文）,36.152431,136.272232,○,
10,日本最古の天守閣　丸岡城,10-2,丸岡城　外堀跡,36.150654,136.267944,○,
10,日本最古の天守閣　丸岡城,10-3,丸岡城から眺める冬の城下町,36.152302,136.272095,○,
10,日本最古の天守閣　丸岡城,10-4,丸岡古城まつり５万石パレード出陣,36.152351,136.271255,,
10,日本最古の天守閣　丸岡城,10-5,冬の丸岡城のライトアップ,36.152283,136.272308,○,
10,日本最古の天守閣　丸岡城,10-6,石碑「一筆啓上火の用心お仙泣かすな 馬肥せ」,36.15237,136.272354,,
10,日本最古の天守閣　丸岡城,10-7,一筆啓上とかまぼこ板の絵のコラボ作品,36.152527,136.273697,,
11,桜吹雪舞う悠久の山里　竹田,11-1,咲き誇るしだれ桜（たけくらべ広場）,36.174072,136.330154,,
11,桜吹雪舞う悠久の山里　竹田,11-2,竹田の里全景,36.176544,136.331024,,
11,桜吹雪舞う悠久の山里　竹田,11-3,しだれ桜のライトアップ（たけくらべ広場,36.174015,136.330414,,
11,桜吹雪舞う悠久の山里　竹田,11-4,花菖蒲と千古の家（坪川家住宅）（国重文）,36.153946,136.333771,,
11,桜吹雪舞う悠久の山里　竹田,11-5,竹田川の渓流での川遊び,36.17252,136.3302,,
12,命を育む母なる大河　九頭竜川,12-1,法恩寺山から見る九頭竜川,36.067417,136.543243,,
12,命を育む母なる大河　九頭竜川,12-2,勝山弁天桜,36.058189,136.495087,,
12,命を育む母なる大河　九頭竜川,12-3,九頭竜川（五松橋より望む）,36.096966,136.298279,,
12,命を育む母なる大河　九頭竜川,12-4,鳴鹿大堰,36.102238,136.321487,○,
12,命を育む母なる大河　九頭竜川,12-5,太公望で賑わう九頭竜川,36.095997,136.292267,○,
13,風を浴びて　永平寺から福井に続く自転車道,13-1,日野川堤防上の自転車道,36.078102,136.183975,○,
13,風を浴びて　永平寺から福井に続く自転車道,13-2,サイクリング風景,36.099743,136.299225,,
13,風を浴びて　永平寺から福井に続く自転車道,13-3,シバザクラ,36.103798,136.326828,○,
13,風を浴びて　永平寺から福井に続く自転車道,13-4,河川公園,36.081535,136.403244,○,
13,風を浴びて　永平寺から福井に続く自転車道,13-5,菜の花とシバザクラ,36.102062,136.321198,○,
14,禅の修行道場　永平寺,14-1,中雀門と雲水,36.055603,136.355133,,
14,禅の修行道場　永平寺,14-2,唐門,36.055664,136.354874,,
14,禅の修行道場　永平寺,14-3,永平寺の伽藍と紅葉,36.055717,136.355331,,
14,禅の修行道場　永平寺,14-4,大灯籠ながし,36.094158,136.337891,○,
14,禅の修行道場　永平寺,14-5,除夜の鐘,36.055534,136.355591,,
14,禅の修行道場　永平寺,14-6,回廊,36.055447,136.355286,,
14,禅の修行道場　永平寺,14-7,永平寺口駅舎,36.095753,136.326645,○,
15,仰ぎ見る白い頂　霊峰白山,15-1,小舟渡からの眺望,36.075119,136.434998,,
15,仰ぎ見る白い頂　霊峰白山,15-2,白山連峰,36.070679,136.454834,○,
15,仰ぎ見る白い頂　霊峰白山,15-3,法恩寺山から見る白山,36.06284,136.594986,,
15,仰ぎ見る白い頂　霊峰白山,15-4,高浜町から見る白山,35.493507,135.519745,,
15,仰ぎ見る白い頂　霊峰白山,15-5,越知山から見る白山,35.999813,136.032074,○,
16,恐竜が眠る大地　ジオパーク　勝山,16-1,村岡山山頂から見る恐竜博物館,36.075775,136.507996,○,
16,恐竜が眠る大地　ジオパーク　勝山,16-2,恐竜博物館内,36.083248,136.506668,○,
16,恐竜が眠る大地　ジオパーク　勝山,16-3,夕陽に映える恐竜,36.08268,136.507141,,
16,恐竜が眠る大地　ジオパーク　勝山,16-4,恐竜博物館全景,36.082367,136.50766,○,
16,恐竜が眠る大地　ジオパーク　勝山,16-5,恐竜化石の発掘体験,36.082195,136.508087,,
17,春を待つ北谷の山里集落,17-1,木根橋の集落,36.103638,136.564728,○,
17,春を待つ北谷の山里集落,17-2,石垣の上に建つ家屋,36.090004,136.594223,○,
17,春を待つ北谷の山里集落,17-3,斜面を利用して建てられた小原集落,36.088898,136.595779,○,
18,「蝶よ花よ」と囃子が響く 城下町勝山の町並み,18-1,本町通り,36.061329,136.498581,○,
18,「蝶よ花よ」と囃子が響く 城下町勝山の町並み,18-2,どんど焼き,36.059593,136.494461,,
18,「蝶よ花よ」と囃子が響く 城下町勝山の町並み,18-3,七里壁,36.060169,136.499802,○,
18,「蝶よ花よ」と囃子が響く 城下町勝山の町並み,18-4,河原通り,36.060543,136.497009,○,
19,中世宗教都市の歴史を物語る　白山平泉寺,19-1,白山平泉寺参道,36.043591,136.538055,○,
19,中世宗教都市の歴史を物語る　白山平泉寺,19-2,発掘された石畳道,36.041317,136.543793,○,
19,中世宗教都市の歴史を物語る　白山平泉寺,19-3,平泉寺参道,36.04417,136.529572,○,
19,中世宗教都市の歴史を物語る　白山平泉寺,19-4,白山神社,36.043884,136.542099,○,
19,中世宗教都市の歴史を物語る　白山平泉寺,19-5,平泉寺集落,36.042328,136.539062,,
19,中世宗教都市の歴史を物語る　白山平泉寺,19-6,平泉寺の伝統的民家,36.042175,136.539642,○,
20,懐かしい機織りの音が聞こえる　奥越のまち,20-1,繊維工場　工場棟,36.057549,136.50737,○,
20,懐かしい機織りの音が聞こえる　奥越のまち,20-2,ゆめおーれ勝山,36.061684,136.503189,○,
20,懐かしい機織りの音が聞こえる　奥越のまち,20-3,ケイテー資料館,36.059628,136.501572,,
20,懐かしい機織りの音が聞こえる　奥越のまち,20-4,平成大野屋,35.985046,136.487244,○,
21,大地鳴動の記憶　奥越の巨大岩塊,21-1,阪谷地区の巨大岩塊,35.995811,136.581329,○,
21,大地鳴動の記憶　奥越の巨大岩塊,21-2,阪谷地区の巨大岩塊,35.991444,136.575073,○,
21,大地鳴動の記憶　奥越の巨大岩塊,21-3,経ヶ岳,36.020641,136.515472,○,
21,大地鳴動の記憶　奥越の巨大岩塊,21-4,大矢谷の白山神社,36.019123,136.562485,,
22,城、町並み、朝市、風情漂う城下町　大野,22-1,寺町,35.987263,136.491333,○,
22,城、町並み、朝市、風情漂う城下町　大野,22-2,七間通りの朝市,35.985149,136.489609,○,
22,城、町並み、朝市、風情漂う城下町　大野,22-3,越前大野城,35.986649,136.483124,○,
22,城、町並み、朝市、風情漂う城下町　大野,22-4,結ステーション,35.984501,136.486755,○,
22,城、町並み、朝市、風情漂う城下町　大野,22-5,旧内山家,35.985596,136.486725,○,
22,城、町並み、朝市、風情漂う城下町　大野,22-6,寺町通り,35.98576,136.491821,○,
23,イトヨが生息する名水の里　大野,23-1,イトヨの里,35.97551,136.491226,○,
23,イトヨが生息する名水の里　大野,23-2,背割水路,35.985359,136.487,○,
23,イトヨが生息する名水の里　大野,23-3,お清水,35.982883,136.486298,○,
23,イトヨが生息する名水の里　大野,23-4,義景清水,35.981586,136.485825,○,
24,日本百名山　荒島岳,24-1,大野城と荒島岳,35.991982,136.46759,,
24,日本百名山　荒島岳,24-2,里芋畑,35.942158,136.536285,○,
24,日本百名山　荒島岳,24-3,勝山橋と荒島岳,36.060097,136.491226,○,
24,日本百名山　荒島岳,24-4,夜明けの荒島岳,36.005646,136.51152,,
24,日本百名山　荒島岳,24-5,コスモス畑と荒島岳,35.951176,136.510895,○,
25,越美国境からの清らかな流れ　真名川,25-1,真名峡,35.927147,136.555511,○,
25,越美国境からの清らかな流れ　真名川,25-2,麻奈姫湖青少年旅行村,35.873753,136.506332,○,
25,越美国境からの清らかな流れ　真名川,25-3,平家平　トチノキ,35.829365,136.485733,○,
25,越美国境からの清らかな流れ　真名川,25-4,真名川ダム,35.918251,136.542038,○,
25,越美国境からの清らかな流れ　真名川,25-5,噴水,35.920891,136.545898,○,
26,日本一の星空を仰ぐ　六呂師高原,26-1,自然保護センター,36.020607,136.581604,○,
26,日本一の星空を仰ぐ　六呂師高原,26-2,六呂師高原,36.026024,136.576797,○,
26,日本一の星空を仰ぐ　六呂師高原,26-3,六呂師高原全景,36.024807,136.596619,○,
26,日本一の星空を仰ぐ　六呂師高原,26-4,妻平湿原,36.02314,136.576752,○,
26,日本一の星空を仰ぐ　六呂師高原,26-5,奥越高原牧場,36.0322,136.57753,○,
27,紅葉の刈込池に映る白雪の三ノ峰,27-1,刈込池,36.067711,136.727173,○,
27,紅葉の刈込池に映る白雪の三ノ峰,27-2,鳩ヶ湯温泉,36.032024,136.681595,,
27,紅葉の刈込池に映る白雪の三ノ峰,27-3,白山神社の大カツラ,35.967239,136.624908,○,
27,紅葉の刈込池に映る白雪の三ノ峰,27-4,赤兎山,36.067696,136.661682,○,
28,鮮やかな四季の移ろい　九頭竜湖,28-1,九頭竜湖,35.878689,136.725204,○,
28,鮮やかな四季の移ろい　九頭竜湖,28-2,箱ヶ瀬橋,35.874413,136.752228,○,
28,鮮やかな四季の移ろい　九頭竜湖,28-3,紅葉まつり,35.899235,136.654816,,
28,鮮やかな四季の移ろい　九頭竜湖,28-4,九頭竜峡,35.966232,136.592072,○,
28,鮮やかな四季の移ろい　九頭竜湖,28-5,勝原園地,35.968075,136.599625,,
28,鮮やかな四季の移ろい　九頭竜湖,28-6,勝原のハナモモ,35.967205,136.598129,○,
29,らっきょうの花咲く　三里浜,29-1,赤紫色に咲き誇るらっきょう畑,36.163708,136.121658,○,
29,らっきょうの花咲く　三里浜,29-2,広大な三里浜砂丘,36.150696,136.09108,○,
29,らっきょうの花咲く　三里浜,29-3,三里浜に実るスイカ,36.166637,136.128586,○,
29,らっきょうの花咲く　三里浜,29-4,大根畑,36.169788,136.131119,○,
29,らっきょうの花咲く　三里浜,29-5,らっきょう掘り,36.164227,136.122284,,
30,福井ゆかりの武将を偲ぶ墓所,30-1,大安禅寺　千畳敷,36.101959,136.167816,○,
30,福井ゆかりの武将を偲ぶ墓所,30-2,西光寺,36.058357,136.213287,○,
30,福井ゆかりの武将を偲ぶ墓所,30-3,藤島神社,36.056377,136.210968,○,
30,福井ゆかりの武将を偲ぶ墓所,30-4,高岳寺,36.148464,136.283142,○,
30,福井ゆかりの武将を偲ぶ墓所,30-5,本光院,36.148098,136.273636,○,
31,秋風に揺れる１億の花　コスモス広苑,31-1,コスモス広苑,36.132278,136.174469,,
31,秋風に揺れる１億の花　コスモス広苑,31-2,コスモス広苑,36.132053,136.173172,○,
31,秋風に揺れる１億の花　コスモス広苑,31-3,コスモス広苑,36.132172,136.173904,○,
31,秋風に揺れる１億の花　コスモス広苑,31-4,広苑内を集会する花トラ車,36.131863,136.172516,○,
32,福井のシンボル 歴史と自然の足羽山,32-1,足羽神社の参道「愛宕坂」,36.060093,136.211197,○,
32,福井のシンボル 歴史と自然の足羽山,32-2,福井市豊島から見た足羽山,36.057461,136.220474,○,
32,福井のシンボル 歴史と自然の足羽山,32-3,足羽山から見る福井市内,36.056629,136.209671,○,
32,福井のシンボル 歴史と自然の足羽山,32-4,しだれ桜,36.058056,136.209915,○,
32,福井のシンボル 歴史と自然の足羽山,32-5,継体大王像,36.056267,136.208969,○,
33,試練を乗り越え咲き誇る　足羽川桜並木,33-1,足羽川（桜橋付近）,36.061703,136.212418,○,
33,試練を乗り越え咲き誇る　足羽川桜並木,33-2,足羽川（幸橋付近）,36.060429,136.214478,○,
33,試練を乗り越え咲き誇る　足羽川桜並木,33-3,足羽川（九十九橋付近）,36.061989,136.211731,○,
33,試練を乗り越え咲き誇る　足羽川桜並木,33-4,足羽川右岸（浜町付近）,36.062801,136.212982,○,
34,路面電車が走る　福井の街角,34-1,福井聖公会福井聖三一教会,36.069187,136.216049,,
34,路面電車が走る　福井の街角,34-2,市役所前駅,36.062405,136.217422,○,
34,路面電車が走る　福井の街角,34-3,フェニックスプラザ前,36.074474,136.218323,○,
34,路面電車が走る　福井の街角,34-4,福井地方裁判所前,36.066689,136.217972,○,
34,路面電車が走る　福井の街角,34-5,中央三井信託銀行福井支店,36.062325,136.218536,○,
35,68万石の大藩の面影　福井城址,35-1,福井城址の天守台,36.065456,136.220947,○,
35,68万石の大藩の面影　福井城址,35-2,桜の花びらでピンクに染まったお堀,36.06419,136.222534,○,
35,68万石の大藩の面影　福井城址,35-3,復元された御廊下橋,36.064949,136.220245,,
35,68万石の大藩の面影　福井城址,35-4,北庄城址・柴田公園,36.060318,136.219727,○,
35,68万石の大藩の面影　福井城址,35-5,お市の方と３人の娘の銅像,36.060032,136.219742,○,
35,68万石の大藩の面影　福井城址,35-6,福井春まつりのメインイベント「越前時代行列」,36.063835,136.221527,○,
36,幕末四賢侯　春嶽公の別邸　養浩館,36-1,養浩館庭園,36.068302,136.224808,○,
36,幕末四賢侯　春嶽公の別邸　養浩館,36-2,養浩館,36.068359,136.224167,○,
36,幕末四賢侯　春嶽公の別邸　養浩館,36-3,養浩館,36.068321,136.224213,○,
36,幕末四賢侯　春嶽公の別邸　養浩館,36-4,福井市郷土歴史博物館の舎人門,36.068897,136.222672,○,
36,幕末四賢侯　春嶽公の別邸　養浩館,36-5,橋本左内像,36.059341,136.212799,○,
36,幕末四賢侯　春嶽公の別邸　養浩館,36-6,福井城址前の由利公正像,36.064182,136.222687,○,
37,歴史に刻まれた名石　笏谷石のふるさと,37-1,朝日山不動寺の露天掘り跡,36.055443,136.209839,○,
37,歴史に刻まれた名石　笏谷石のふるさと,37-2,福井城址の石垣,36.06538,136.220993,○,
37,歴史に刻まれた名石　笏谷石のふるさと,37-3,一乗谷　西山光照寺跡の石仏,36.012188,136.297501,○,
37,歴史に刻まれた名石　笏谷石のふるさと,37-4,百坂,36.058918,136.211349,○,
37,歴史に刻まれた名石　笏谷石のふるさと,37-5,横坂,36.059433,136.211212,○,
38,西行が讃えた　朝六つ橋から見た文殊山,38-1,文殊山とソバ畑,35.994404,136.211014,○,
38,西行が讃えた　朝六つ橋から見た文殊山,38-2,文殊山の児の火,36.010315,136.228577,○,
38,西行が讃えた　朝六つ橋から見た文殊山,38-3,朝六つ橋のたもとの碑,36.005455,136.197601,○,
38,西行が讃えた　朝六つ橋から見た文殊山,38-4,朝六つ川沿いの家並み,36.010929,136.201218,○,
38,西行が讃えた　朝六つ橋から見た文殊山,38-5,伝統的民家と土蔵,36.016823,136.19313,○,
39,清らかなせせらぎ　東郷の町並み,39-1,堂田川への錦鯉の放流,36.016293,136.273026,,
39,清らかなせせらぎ　東郷の町並み,39-2,堂田川のライトアップ,36.016056,136.273895,○,
39,清らかなせせらぎ　東郷の町並み,39-3,堂田川,36.016006,136.274277,○,
39,清らかなせせらぎ　東郷の町並み,39-4,青山家,36.016129,136.274017,○,
39,清らかなせせらぎ　東郷の町並み,39-5,花山行事,36.002277,136.274185,,
40,朝倉氏五代の栄華の跡　一乗谷,40-1,一乗谷朝倉氏遺跡の唐門（冬）,35.999744,136.295013,○,
40,朝倉氏五代の栄華の跡　一乗谷,40-2,一乗谷朝倉氏遺跡の唐門（春）,35.999893,136.295212,○,
40,朝倉氏五代の栄華の跡　一乗谷,40-3,復元した町並み,35.998497,136.29364,○,
40,朝倉氏五代の栄華の跡　一乗谷,40-4,諏訪館跡庭園,35.998154,136.295578,○,
41,七たび渡る足羽川　美山の越美北線,41-1,第１足羽川橋梁,36.011269,136.300888,○,
41,七たび渡る足羽川　美山の越美北線,41-2,第５足羽川橋梁,36.018211,136.334366,○,
41,七たび渡る足羽川　美山の越美北線,41-3,第６足羽川橋梁,36.017883,136.347183,○,
41,七たび渡る足羽川　美山の越美北線,41-4,第３足羽川橋梁,36.024632,136.319351,○,
41,七たび渡る足羽川　美山の越美北線,41-5,第７足羽川橋梁,36.014637,136.354797,○,
42,人と自然が育てた　美山の杉林,42-1,福井市三万谷町,36.014847,136.321533,○,
42,人と自然が育てた　美山の杉林,42-2,美山町森林組合木材加工場,35.994953,136.373718,○,
43,足羽川源流　冠山と龍双ヶ滝,43-1,冠山,35.786903,136.401962,○,
43,足羽川源流　冠山と龍双ヶ滝,43-2,足羽川,35.86076,136.366333,,
43,足羽川源流　冠山と龍双ヶ滝,43-3,龍双ヶ滝,35.917416,136.430115,○,
43,足羽川源流　冠山と龍双ヶ滝,43-4,かずら橋,35.860737,136.365616,,
43,足羽川源流　冠山と龍双ヶ滝,43-5,足羽川,35.864414,136.361343,,
44,伝統息づく能楽の里　池田,44-1,水海の田楽能舞,35.891197,136.367233,,
44,伝統息づく能楽の里　池田,44-2,田楽能舞,35.890823,136.36763,○,
44,伝統息づく能楽の里　池田,44-3,須波阿須疑神社,35.886124,136.345612,○,
44,伝統息づく能楽の里　池田,44-4,白山神社のお面さんまつり,35.861961,136.363693,,
44,伝統息づく能楽の里　池田,44-5,池田町能面美術館,35.861698,136.363022,,
45,農の営みが見える　池田の原風景,45-1,池田町東角間の代かき作業,35.860798,136.320801,,
45,農の営みが見える　池田の原風景,45-2,池田町東俣の水田,35.853439,136.314407,,
46,近松文学のふるさと　吉江,46-1,吉江七曲り,35.987068,136.174164,○,
46,近松文学のふるさと　吉江,46-2,吉江七曲り,35.986176,136.170197,,
46,近松文学のふるさと　吉江,46-2,吉江七曲り,35.987114,136.170364,,
46,近松文学のふるさと　吉江,46-2,吉江七曲り,35.986835,136.172119,,
46,近松文学のふるさと　吉江,46-2,吉江七曲り,35.987343,136.172272,,
46,近松文学のふるさと　吉江,46-2,吉江七曲り,35.987064,136.17421,,
46,近松文学のふるさと　吉江,46-2,吉江七曲り,35.988209,136.174438,,
46,近松文学のふるさと　吉江,46-2,吉江七曲り,35.987686,136.176422,,
46,近松文学のふるさと　吉江,46-2,吉江七曲り,35.988194,136.176483,,
46,近松文学のふるさと　吉江,46-2,吉江七曲り,35.988262,136.179825,,9
46,近松文学のふるさと　吉江,46-3,春慶寺の大杉と石仏,35.989986,136.176636,○,
46,近松文学のふるさと　吉江,46-4,榎お清水,35.989483,136.177475,○,
46,近松文学のふるさと　吉江,46-5,西光寺表門（旧吉江藩舘の表門）,35.982426,136.170486,,
47,つつじの絨毯　西山公園,47-1,西山公園,35.950546,136.182281,○,
47,つつじの絨毯　西山公園,47-2,紅葉に映える日本庭園（嚮陽庭園）,35.951069,136.184662,○,
47,つつじの絨毯　西山公園,47-3,西山動物園,35.950714,136.180939,○,
48,門前町と城下町の面影　鯖江の町並み,48-1,誠照寺,35.946991,136.184525,○,
48,門前町と城下町の面影　鯖江の町並み,48-2,あめや呉服店（国登録文化財）,35.94672,136.185287,○,
48,門前町と城下町の面影　鯖江の町並み,48-3,萬慶寺山門（市文化財）,35.941654,136.185165,○,
48,門前町と城下町の面影　鯖江の町並み,48-4,植田家長屋門（市文化財）,35.94479,136.18721,○,
49,越前漆器の伝統受け継ぐうるしの里　河和田,49-1,河和田地区の中道沿いの町並み,35.951969,136.271683,,
49,越前漆器の伝統受け継ぐうるしの里　河和田,49-2,漆器神社参道から見た河和田の町並み,35.952557,136.269333,,
49,越前漆器の伝統受け継ぐうるしの里　河和田,49-3,桃源清水（鯖江市上河内町）,35.943104,136.318985,,
50,紫式部が詠んだ　日野山・日野川,50-1,日野山（越前市）,35.899689,136.173569,,
50,紫式部が詠んだ　日野山・日野川,50-2,日野川堤防に咲く菜花（鯖江市）,35.951916,136.173553,,
50,紫式部が詠んだ　日野山・日野川,50-3,鮎釣り風景（南条大橋上流付近）,35.831036,136.198288,,
50,紫式部が詠んだ　日野山・日野川,50-4,万代歩道橋（越前市）,35.902157,136.174072,○,
50,紫式部が詠んだ　日野山・日野川,50-5,福井市（旧清水町）から見た日野山,36.002399,136.159805,○,
51,昔懐かしい福武線の木造駅舎,51-1,北府駅,35.910126,136.16655,○,
51,昔懐かしい福武線の木造駅舎,51-2,神明駅,35.972881,136.181702,○,
51,昔懐かしい福武線の木造駅舎,51-3,中道院横の鉄道橋,35.955673,136.185318,○,
51,昔懐かしい福武線の木造駅舎,51-4,中道院のすりばちやいと,35.955845,136.185837,,
52,丹南のレトロな洋風建築物の出会い,52-1,丈生幼稚園（旧県警察部庁舎）（国登録文化財）,35.904224,136.162598,○,
52,丹南のレトロな洋風建築物の出会い,52-2,武生公会堂記念館（国登録文化財）,35.901779,136.168304,,
52,丹南のレトロな洋風建築物の出会い,52-3,Ｍ工房（旧武生郵便局）（国登録文化財）,35.902756,136.166489,○,
52,丹南のレトロな洋風建築物の出会い,52-4,旧鯖江地方織物検査所（国登録文化財）,35.944675,136.186218,○,
52,丹南のレトロな洋風建築物の出会い,52-5,恵美写真館洋館（国登録文化財）,35.946728,136.186249,○,
53,菊の香漂う越前の国府　武生,53-1,寺町通りの町並み,35.903736,136.16272,○,
53,菊の香漂う越前の国府　武生,53-2,寺町通り,35.903755,136.165512,,
53,菊の香漂う越前の国府　武生,53-2,寺町通り,35.90379,136.165161,,
53,菊の香漂う越前の国府　武生,53-2,寺町通り,35.903713,136.164246,,
53,菊の香漂う越前の国府　武生,53-2,寺町通り,35.903713,136.163437,,
53,菊の香漂う越前の国府　武生,53-2,寺町通り,35.903748,136.162689,,
53,菊の香漂う越前の国府　武生,53-2,寺町通り,35.903027,136.162613,,
53,菊の香漂う越前の国府　武生,53-2,寺町通り,35.902897,136.162537,,
53,菊の香漂う越前の国府　武生,53-2,寺町通り,35.902966,136.162079,,
53,菊の香漂う越前の国府　武生,53-2,寺町通り,35.901958,136.161896,,9
53,菊の香漂う越前の国府　武生,53-3,北陸道沿いの町並み,35.901028,136.166458,○,
53,菊の香漂う越前の国府　武生,53-4,蔵の辻　壱の市（3〜12月の毎月第1日曜日開催）,35.90284,136.166077,○,
53,菊の香漂う越前の国府　武生,53-5,タンス町通り　屋台まつり「昭和の花嫁行列」,35.900314,136.165176,,
53,菊の香漂う越前の国府　武生,53-6,タンス町通り,35.900219,136.166229,,
53,菊の香漂う越前の国府　武生,53-6,タンス町通り,35.900314,136.16539,,
53,菊の香漂う越前の国府　武生,53-6,タンス町通り,35.900349,136.164398,,
53,菊の香漂う越前の国府　武生,53-6,タンス町通り,35.900429,136.164062,,
53,菊の香漂う越前の国府　武生,53-6,タンス町通り,35.900444,136.163864,,
53,菊の香漂う越前の国府　武生,53-6,タンス町通り,35.900444,136.163437,,
53,菊の香漂う越前の国府　武生,53-6,タンス町通り,35.900288,136.162537,,
53,菊の香漂う越前の国府　武生,53-6,タンス町通り,35.900295,136.16243,,8
53,菊の香漂う越前の国府　武生,53-7,たけふ菊人形「菊人形館」,35.900234,136.157776,○,
54,1500年の伝統　越前和紙の里,54-1,大瀧神社・岡太神社　本殿・拝殿（国重文）,35.906963,136.253189,○,
54,1500年の伝統　越前和紙の里,54-2,緑豊かな和紙の里通り,35.91127,136.244003,○,
54,1500年の伝統　越前和紙の里,54-3,卯立の工芸館（国登録文化財）,35.911057,136.244843,,
54,1500年の伝統　越前和紙の里,54-4,秋葉山から眺めた大滝の家並み,35.909561,136.249847,○,
55,小次郎と長寿の水の伝説　水間谷,55-1,柳の滝,35.914871,136.293045,○,
55,小次郎と長寿の水の伝説　水間谷,55-2,小次郎公園,35.922558,136.270294,,
55,小次郎と長寿の水の伝説　水間谷,55-3,赤谷の瓜割清水,35.918751,136.286438,○,
55,小次郎と長寿の水の伝説　水間谷,55-4,赤谷川にかかる各戸専用の橋,35.919765,136.287079,,
56,万葉の恋物語の舞台　味真野,56-1,味真野小学校の校庭中央の桜の大木,35.889885,136.232758,○,
56,万葉の恋物語の舞台　味真野,56-2,越前の里　味真野苑,35.885548,136.237686,○,
56,万葉の恋物語の舞台　味真野,56-3,治左川のバイカモの群生,35.895271,136.224869,,
57,コウノトリ舞う里山よふたたび　白山・坂口,57-1,里山風景（坂口地区 勾当原町),35.860397,136.088501,○,
57,コウノトリ舞う里山よふたたび　白山・坂口,57-2,ため池（白山地区 黒川町）,35.893673,136.070648,,
57,コウノトリ舞う里山よふたたび　白山・坂口,57-3,白山地区 安養寺町の伝統的民家,35.912682,136.083801,,
57,コウノトリ舞う里山よふたたび　白山・坂口,57-4,コウノトリを呼び戻す農法部会の作業風景,35.886303,136.056122,,
58,馥郁（ふくいく）たる香り　越前水仙,58-1,一面に咲く水仙の花,35.990646,135.967484,○,
58,馥郁（ふくいく）たる香り　越前水仙,58-2,越前海岸の冬の風物詩「波の花」,35.992729,135.964859,○,
58,馥郁（ふくいく）たる香り　越前水仙,58-3,岩に打ち寄せる冬の荒波,35.991653,135.96405,,
58,馥郁（ふくいく）たる香り　越前水仙,58-4,水仙が栽培されている棚田,35.987488,135.96817,○,
58,馥郁（ふくいく）たる香り　越前水仙,58-5,水仙まつり（荒波フェスタ）,35.827477,136.066605,,
59,釜茹での湯気立つ　越前がにの水揚げ港,59-1,越前漁港と漁師町の風景,35.940735,135.991257,○,
59,釜茹での湯気立つ　越前がにの水揚げ港,59-2,越前がにのセリの光景,35.938614,135.99321,,
59,釜茹での湯気立つ　越前がにの水揚げ港,59-3,イカ釣り漁船が放つ漁火,35.922386,135.998306,,
59,釜茹での湯気立つ　越前がにの水揚げ港,59-4,三国港に水揚げされた越前がに,36.22023,136.138596,,
59,釜茹での湯気立つ　越前がにの水揚げ港,59-5,三国サンセットビーチに沈む夕陽,36.222561,136.134933,○,
60,日本海の荒波が造った奇岩・奇勝　越前海岸,60-1,呼鳥門,35.991238,135.963348,○,
60,日本海の荒波が造った奇岩・奇勝　越前海岸,60-2,鳥糞岩,35.990231,135.960922,○,
60,日本海の荒波が造った奇岩・奇勝　越前海岸,60-3,柱状節理が発達した鉾島,36.104092,136.03772,○,
60,日本海の荒波が造った奇岩・奇勝　越前海岸,60-4,亀島,36.122677,136.054276,○,
60,日本海の荒波が造った奇岩・奇勝　越前海岸,60-5,露天風呂から見る日本海に沈む夕陽,35.919762,135.997025,,
60,日本海の荒波が造った奇岩・奇勝　越前海岸,60-6,島の御恵比須さんと呼ばれている双見ヶ岩,35.956402,135.979019,○,
61,泰澄大師修行の霊峰　越知山,61-1,幻想的な越知山大谷寺の万灯会の光景,36.00523,136.090271,,
61,泰澄大師修行の霊峰　越知山,61-2,越知山大谷寺奥之院から望む白山,36.009533,136.087997,,
61,泰澄大師修行の霊峰　越知山,61-3,越知山大谷寺奥之院に向かう石段,36.008736,136.087341,,
61,泰澄大師修行の霊峰　越知山,61-4,殿池,35.997601,136.031219,,
61,泰澄大師修行の霊峰　越知山,61-5,越知山山頂にある越知神社,35.997471,136.032104,○,
62,太鼓響く鎮守の森　信長公ゆかりの剱神社,62-1,O・TA・I・KO座　明神,35.949036,136.057861,,
62,太鼓響く鎮守の森　信長公ゆかりの剱神社,62-2,劔神社の鎮守の森,35.956802,136.061356,○,
62,太鼓響く鎮守の森　信長公ゆかりの剱神社,62-3,越前二の宮　劔神社,35.957634,136.055374,○,
62,太鼓響く鎮守の森　信長公ゆかりの剱神社,62-4,劔神社門前町の町並み,35.957706,136.055862,○,
62,太鼓響く鎮守の森　信長公ゆかりの剱神社,62-5,明神ばやし,35.957272,136.05542,,
63,日本六古窯　越前焼のふるさと,63-1,越前窯（薪窯）での作業風景,35.933826,136.060776,,
63,日本六古窯　越前焼のふるさと,63-2,越前陶芸村,35.933472,136.059509,○,
63,日本六古窯　越前焼のふるさと,63-3,福井県陶芸館,35.934704,136.058578,○,
63,日本六古窯　越前焼のふるさと,63-4,越前陶芸まつり,35.934635,136.059601,○,
64,農村の伝統美　漆喰の白壁民家群,64-1,越前町江波の白壁民家群,136.075409,35.940853,○,
64,農村の伝統美　漆喰の白壁民家群,64-2,雪の中の白壁民家と土蔵,35.943722,136.076538,,
64,農村の伝統美　漆喰の白壁民家群,64-3,岩本観音,35.944103,136.069794,○,
64,農村の伝統美　漆喰の白壁民家群,64-4,土蔵と一体となった白壁の民家,35.960796,136.123413,○,
64,農村の伝統美　漆喰の白壁民家群,64-5,七郷用水沿いに建ち並ぶ白壁民家,35.994293,136.143997,○,
64,農村の伝統美　漆喰の白壁民家群,64-6,二ヶ用水を利用した水車,35.977669,136.137482,,
65,生産量日本一　南条花ハスの里,65-1,蓮田一面に開花したハスの花と収穫の風景,35.822266,136.21077,,
65,生産量日本一　南条花ハスの里,65-2,蘇った「大賀蓮」,35.808556,136.228104,,
65,生産量日本一　南条花ハスの里,65-3,はすまつり,35.807896,136.228455,,
65,生産量日本一　南条花ハスの里,65-4,花はす公園,35.80859,136.228745,○,
66,軍事・交通の要衝 北国街道宿場町 今庄,66-1,京藤甚五郎家と羽根曽踊り,35.773361,136.196503,,
66,軍事・交通の要衝 北国街道宿場町 今庄,66-2,北国街道と北陸街道の分岐点　文政の道標,35.767521,136.200729,,
66,軍事・交通の要衝 北国街道宿場町 今庄,66-3,今庄365スキー場から見る日本海,35.723103,136.134338,,
66,軍事・交通の要衝 北国街道宿場町 今庄,66-4,板取宿,35.727596,136.154205,○,
66,軍事・交通の要衝 北国街道宿場町 今庄,66-5,木ノ芽峠,35.713417,136.145584,○,
66,軍事・交通の要衝 北国街道宿場町 今庄,66-6,湯尾峠にある芭蕉の句碑,35.788574,136.197937,,
67,竜神伝説　夜叉ヶ池,67-1,夜叉ヶ池山から見る夜叉ヶ池,35.667618,136.289185,○,
67,竜神伝説　夜叉ヶ池,67-2,ニッコウキスゲが咲く夜叉ヶ池,35.672447,136.289993,○,
67,竜神伝説　夜叉ヶ池,67-3,岩谷のトチノキ,35.679646,136.280502,○,
67,竜神伝説　夜叉ヶ池,67-4,今庄のカツラ,35.679783,136.271713,,
68,今に伝わる　明治の石積み砂防堰堤,68-1,アカタン砂防大平ミズヤ上堰堤,35.773849,136.258972,○,
68,今に伝わる　明治の石積み砂防堰堤,68-2,アカタン砂防８号堰堤,35.783077,136.267242,○,
68,今に伝わる　明治の石積み砂防堰堤,68-3,アカタン砂防堰堤の保全活動,35.782413,136.267166,○,
68,今に伝わる　明治の石積み砂防堰堤,68-4,高倉谷川砂防ハイクの様子,35.779804,136.31192,○,
69,海の道と馬借街道の中継港　河野　,69-1,河野の家並み,35.826618,136.067749,○,
69,海の道と馬借街道の中継港　河野　,69-2,家並みのライトアップ,35.826878,136.067566,,
69,海の道と馬借街道の中継港　河野　,69-3,北前船主の館　右近家、右上が西洋館,35.826042,136.067856,○,
69,海の道と馬借街道の中継港　河野　,69-4,越前・河野しおかぜライン,35.811966,136.076401,○,
69,海の道と馬借街道の中継港　河野　,69-5,明治まで荷が行き交った馬借街道,35.871281,136.114777,○,
70,山を越え海を越えた鉄道　今庄〜敦賀,70-1,小刀根トンネル,35.60445,136.150146,○,
70,山を越え海を越えた鉄道　今庄〜敦賀,70-2,山中トンネル,35.756054,136.111206,○,
70,山を越え海を越えた鉄道　今庄〜敦賀,70-3,再現された旧敦賀港駅舎,35.660748,136.072769,○,
70,山を越え海を越えた鉄道　今庄〜敦賀,70-4,ランプ小屋,35.663242,136.075714,○,
70,山を越え海を越えた鉄道　今庄〜敦賀,70-5,沖合いから見る敦賀港,35.664722,136.06662,○,
70,山を越え海を越えた鉄道　今庄〜敦賀,70-6,敦賀港線,35.662071,136.076752,○,
70,山を越え海を越えた鉄道　今庄〜敦賀,70-7,ループ線（鳩原）,35.615318,136.081055,○,
71,美味しいそばの原点　福井のそば畑,71-1,そば畑,36.09277,136.346252,,
71,美味しいそばの原点　福井のそば畑,71-2,そば打ち体験で賑わう今庄そば道場,35.750568,136.202484,○,
71,美味しいそばの原点　福井のそば畑,71-3,南越前町で開かれる今庄そばまつり,35.721989,136.149796,,
72,敦賀湾の大パノラマ　杉津の眺望,72-1,北陸自動車道杉津パーキングエリアからの眺望,35.732754,136.114807,○,
72,敦賀湾の大パノラマ　杉津の眺望,72-2,夕闇迫る杉津,35.732578,136.1147,○,
72,敦賀湾の大パノラマ　杉津の眺望,72-3,山中峠から杉津を望む,35.743587,136.111725,○,
72,敦賀湾の大パノラマ　杉津の眺望,72-4,元比田のミカン畑,35.749229,136.10704,,
72,敦賀湾の大パノラマ　杉津の眺望,72-5,阿曽の棚田,35.721676,136.103455,○,
72,敦賀湾の大パノラマ　杉津の眺望,72-6,阿曽の棚田,35.721481,136.103226,,
72,敦賀湾の大パノラマ　杉津の眺望,72-7,阿曽の相撲甚句,35.723076,136.098816,,
73,手付かずの自然が残る池河内湿原・中池見湿地,73-1,池河内湿原,35.635395,136.1436,,
73,手付かずの自然が残る池河内湿原・中池見湿地,73-2,春を待つ池河内,35.631767,136.146698,,
73,手付かずの自然が残る池河内湿原・中池見湿地,73-3,春　可憐に咲き誇るキタコブシ,35.632607,136.149796,○,
73,手付かずの自然が残る池河内湿原・中池見湿地,73-4,中池見湿地,35.65517,136.089584,,
73,手付かずの自然が残る池河内湿原・中池見湿地,73-5,中池見湿地での農作業風景,35.654854,136.089142,,
74,運河の遺跡　疋田舟川,74-1,疋田の町並みを通り抜ける舟川,35.601223,136.100891,○,
74,運河の遺跡　疋田舟川,74-2,笙の川　中流,35.611195,136.083939,○,
74,運河の遺跡　疋田舟川,74-3,笙の川　河口（運河の始まり）,35.660137,136.059708,,
74,運河の遺跡　疋田舟川,74-4,疋田舟川に沿って続く町並み,35.601032,136.100922,○,
74,運河の遺跡　疋田舟川,74-5,交通の要衝だった証、道標,35.600559,136.101242,,
75,３６０°展望の頂　野坂岳,75-1,野坂岳,35.621719,136.041992,○,
75,３６０°展望の頂　野坂岳,75-2,小浜線を見下ろす野坂岳,35.613914,136.058426,,
75,３６０°展望の頂　野坂岳,75-3,野坂岳から敦賀市を望む,35.594017,136.026627,,
75,３６０°展望の頂　野坂岳,75-4,柴田氏庭園（国名勝）から見た野坂岳,35.628769,136.049927,○,
75,３６０°展望の頂　野坂岳,75-5,だのせ祭り,35.618652,136.032135,,
76,そびえる大鳥居　北陸の総鎮守　氣比神宮,76-1,大鳥居（国重文）,35.654366,136.073715,○,
76,そびえる大鳥居　北陸の総鎮守　氣比神宮,76-2,勇壮な山車,35.654209,136.073471,,
76,そびえる大鳥居　北陸の総鎮守　氣比神宮,76-3,勇壮な山車,35.654221,136.073013,,
76,そびえる大鳥居　北陸の総鎮守　氣比神宮,76-4,気比神宮　本宮,35.654514,136.074753,,
76,そびえる大鳥居　北陸の総鎮守　氣比神宮,76-5,気比神宮　本宮,35.654701,136.074738,,
76,そびえる大鳥居　北陸の総鎮守　氣比神宮,76-6,宮内から参道を望む,35.654423,136.074326,,
76,そびえる大鳥居　北陸の総鎮守　氣比神宮,76-7,お砂持ち神事の像,35.654366,136.07309,,
76,そびえる大鳥居　北陸の総鎮守　氣比神宮,76-8,常宮神社,35.689484,136.029556,,
76,そびえる大鳥居　北陸の総鎮守　氣比神宮,76-9,総参祭,35.689709,136.03157,,
77,アジア大陸との交易拠点　国際港敦賀,77-1,天筒山から見る敦賀港の夜景,35.661411,136.081635,○,
77,アジア大陸との交易拠点　国際港敦賀,77-2,旧大和田銀行本店,35.656475,136.068939,○,
77,アジア大陸との交易拠点　国際港敦賀,77-3,敦賀酒造,35.656078,136.066818,○,
77,アジア大陸との交易拠点　国際港敦賀,77-4,敦賀酒造,35.656132,136.066788,○,
77,アジア大陸との交易拠点　国際港敦賀,77-5,赤レンガ倉庫,35.662201,136.074402,,
77,アジア大陸との交易拠点　国際港敦賀,77-6,古い倉庫群,35.658909,136.068176,,
77,アジア大陸との交易拠点　国際港敦賀,77-7,舟溜り地区,35.656471,136.065811,○,
77,アジア大陸との交易拠点　国際港敦賀,77-8,敦賀西町の綱引き,35.655231,136.068268,,
78,日本三大　気比の松原,78-1,気比の松原（国名勝）,35.656513,136.050339,,
78,日本三大　気比の松原,78-2,夏の松原海岸,35.656494,136.051727,,
78,日本三大　気比の松原,78-3,宵の松原海岸,35.65646,136.052139,,
78,日本三大　気比の松原,78-4,松原内の遊歩道,35.654839,136.052429,,
78,日本三大　気比の松原,78-5,高浜虚子の句碑,35.655327,136.051498,,
78,日本三大　気比の松原,78-6,冬の気比の松原,35.656441,136.052612,,
79,コバルトブルーの海　水島と色ヶ浜,79-1,蠑螺ヶ岳から水島を望む,35.72488,136.012634,○,
79,コバルトブルーの海　水島と色ヶ浜,79-2,色ヶ浜,35.730434,136.035004,○,
79,コバルトブルーの海　水島と色ヶ浜,79-3,本隆寺,35.730209,136.034225,,
79,コバルトブルーの海　水島と色ヶ浜,79-4,本隆寺の芭蕉句碑,35.730251,136.034302,,
79,コバルトブルーの海　水島と色ヶ浜,79-5,本隆寺の芭蕉句碑,35.73027,136.034271,,
79,コバルトブルーの海　水島と色ヶ浜,79-6,本隆寺の芭蕉句碑,35.730217,136.034286,,
79,コバルトブルーの海　水島と色ヶ浜,79-7,立石岬灯台,35.762386,136.018677,○,
79,コバルトブルーの海　水島と色ヶ浜,79-8,門ヶ崎,35.74892,135.993958,,
80,碧く輝く海と白い砂浜　水晶浜,80-1,弁天崎からの水晶浜,35.67403,135.966461,○,
80,碧く輝く海と白い砂浜　水晶浜,80-2,水晶浜,35.687157,135.977661,○,
80,碧く輝く海と白い砂浜　水晶浜,80-3,海水浴客で賑わう水晶浜,35.674057,135.966171,○,
80,碧く輝く海と白い砂浜　水晶浜,80-4,水晶浜から見る夕日,35.686932,135.977722,,
80,碧く輝く海と白い砂浜　水晶浜,80-5,菅浜精霊船送り,35.653042,135.975601,○,
80,碧く輝く海と白い砂浜　水晶浜,80-6,夕日のダイヤ浜,35.679924,135.974579,,
81,海と湖に挟まれた伝統行事息づく漁村　日向、早瀬,81-1,水中綱引き,35.611797,135.891541,○,
81,海と湖に挟まれた伝統行事息づく漁村　日向、早瀬,81-2,日向漁港,35.612106,135.890747,○,
81,海と湖に挟まれた伝統行事息づく漁村　日向、早瀬,81-3,梅丈岳から日向を望む,35.601101,135.868866,,
81,海と湖に挟まれた伝統行事息づく漁村　日向、早瀬,81-4,岳山から早瀬を望む,35.618999,135.900543,○,
81,海と湖に挟まれた伝統行事息づく漁村　日向、早瀬,81-5,子供歌舞伎,35.618809,135.905304,,
82,山頂から望む絶景　三方五湖,82-1,梅丈岳山頂から三方五湖（国名勝）を望む,35.601116,135.868835,○,
82,山頂から望む絶景　三方五湖,82-2,湖面を走るレイククルーズ,35.587807,135.864395,,
82,山頂から望む絶景　三方五湖,82-3,たたき網漁,35.582432,135.880707,○,
82,山頂から望む絶景　三方五湖,82-4,梅丈岳山頂にある誓いの鍵,35.601089,135.868744,,
82,山頂から望む絶景　三方五湖,82-5,水月湖と久々子湖をつなぐ浦見川,35.59243,135.897568,○,
83,天狗が踊る　王の舞,83-1,弥美神社で奉納される王の舞（県民俗文化財）,35.594219,135.961319,,
83,天狗が踊る　王の舞,83-2,弥美神社,35.594269,135.960602,○,
83,天狗が踊る　王の舞,83-3,弥美神社で奉納される王の舞（県民俗文化財）,35.59428,135.961243,,
83,天狗が踊る　王の舞,83-4,宇波西神社で奉納される王の舞（国選択無形民俗文化財）,35.587048,135.906067,○,
83,天狗が踊る　王の舞,83-5,闇見神社で奉納される王の舞（県民俗文化財）,35.502293,135.904419,,
83,天狗が踊る　王の舞,83-6,多由比神社で奉納される王の舞（県民俗文化財）,35.559235,135.866486,,
84,神宿る半島　若狭常神,84-1,常神半島先端と御神島,35.610836,135.829117,○,
84,神宿る半島　若狭常神,84-2,常神半島神子区で見られる山桜,35.623535,135.834183,,
84,神宿る半島　若狭常神,84-3,日本最北限のソテツ,35.637138,135.819946,,
85,湖畔に佇む　茅葺きの舟小屋,85-1,農作業用に使われている舟小屋,35.572273,135.869766,○,
85,湖畔に佇む　茅葺きの舟小屋,85-2,梅林と三方五湖を望む,35.557228,135.886627,,
86,真夏の冷水　名水百選　瓜割の滝,86-1,瓜割の滝の荘厳な流れ,35.459656,135.842316,○,
86,真夏の冷水　名水百選　瓜割の滝,86-2,紅葉の頃の瓜割の滝,35.459778,135.842255,,
86,真夏の冷水　名水百選　瓜割の滝,86-3,天徳寺の八十八体の石仏,35.46088,135.842087,,
86,真夏の冷水　名水百選　瓜割の滝,86-4,若狭瓜割名水公園,35.461735,135.842667,,
87,若狭から京へ続く鯖街道　熊川宿,87-1,重要伝統的建造物群保存地区　熊川宿,35.442982,135.901337,,
87,若狭から京へ続く鯖街道　熊川宿,87-2,熊川宿を流れる前川のせせらき,35.444309,135.89949,,
87,若狭から京へ続く鯖街道　熊川宿,87-3,冬の熊川宿,35.443836,135.899887,,
87,若狭から京へ続く鯖街道　熊川宿,87-4,熊川いっぷく時代村,35.443539,135.900452,,
87,若狭から京へ続く鯖街道　熊川宿,87-5,紅葉の頃の松木神社,35.443077,135.900604,,
87,若狭から京へ続く鯖街道　熊川宿,87-6,熊川番所,35.440647,135.904755,○,
87,若狭から京へ続く鯖街道　熊川宿,87-7,鯖街道の起点,35.495243,135.742752,,
88,荒波の彫刻　蘇洞門,88-1,蘇洞門の大門、小門,35.571053,135.716766,○,
88,荒波の彫刻　蘇洞門,88-2,国道１６２号の彼方に広がる若狭湾,35.535019,135.836243,,
88,荒波の彫刻　蘇洞門,88-3,かきの養殖,35.532158,135.750504,○,
88,荒波の彫刻　蘇洞門,88-4,小浜湾と小浜の町並み,35.493778,135.731949,,
88,荒波の彫刻　蘇洞門,88-5,人魚の像,35.495186,135.73851,○,
88,荒波の彫刻　蘇洞門,88-6,蒼島,35.487301,135.683121,○,
89,豊富な海産物と若狭塗　御食国若狭おばま,89-1,浜焼き鯖,35.495232,135.742798,○,
89,豊富な海産物と若狭塗　御食国若狭おばま,89-2,鯖街道の起点　いづみ町商店街,35.495277,135.742874,,
89,豊富な海産物と若狭塗　御食国若狭おばま,89-3,豊富な海産物が水揚げされる小浜漁港,35.502972,135.736496,,
89,豊富な海産物と若狭塗　御食国若狭おばま,89-4,いさざ漁,35.502605,135.746231,,
89,豊富な海産物と若狭塗　御食国若狭おばま,89-5,小浜城址,35.503925,135.745514,○,
90,茶屋町の情緒漂う紅殻格子　三丁町,90-1,小浜西組重要伝統的建造物群保存地区の一角　三丁町,35.490505,135.733353,○,
90,茶屋町の情緒漂う紅殻格子　三丁町,90-2,放生祭,35.493191,135.739212,,
90,茶屋町の情緒漂う紅殻格子　三丁町,90-3,地区住民による一門一灯運動,35.491695,135.735931,,
90,茶屋町の情緒漂う紅殻格子　三丁町,90-4,常高寺参道,35.490433,135.734756,,
90,茶屋町の情緒漂う紅殻格子　三丁町,90-5,常高寺山門,35.490055,135.734833,,
90,茶屋町の情緒漂う紅殻格子　三丁町,90-6,常高院墓所,35.489056,135.734909,○,
91,古刹と仏像の宝庫　大陸の玄関口　小浜,91-1,明通寺の三重塔,35.453491,135.804779,○,
91,古刹と仏像の宝庫　大陸の玄関口　小浜,91-2,明通寺の本堂,35.453594,135.80455,○,
91,古刹と仏像の宝庫　大陸の玄関口　小浜,91-3,明通寺の庭園と水原秋桜子の句碑,35.453442,135.804596,○,
91,古刹と仏像の宝庫　大陸の玄関口　小浜,91-4,萬徳寺の庭園,35.468891,135.785233,○,
91,古刹と仏像の宝庫　大陸の玄関口　小浜,91-5,羽賀寺本堂,35.51899,135.76445,○,
91,古刹と仏像の宝庫　大陸の玄関口　小浜,91-6,千手観音立像,35.472939,135.753159,○,
91,古刹と仏像の宝庫　大陸の玄関口　小浜,91-7,十一面観音立像,35.518867,135.764587,○,
92,若狭から奈良への歴史大河 　お水送り,92-1,お水送りの風景,35.447273,135.791245,○,
92,若狭から奈良への歴史大河 　お水送り,92-2,鵜の瀬,35.447281,135.791336,○,
92,若狭から奈良への歴史大河 　お水送り,92-3,神宮寺の井戸,35.459621,135.783264,○,
92,若狭から奈良への歴史大河 　お水送り,92-4,神宮寺の参道,35.460056,135.784088,,
92,若狭から奈良への歴史大河 　お水送り,92-5,神宮寺本堂,35.459812,135.783249,,
93,海が舞台の炎の祭 大火勢,93-1,スーパー大火勢,35.482723,135.628708,○,
93,海が舞台の炎の祭 大火勢,93-2,青戸入江に架かる青戸の大橋,35.48185,135.625229,○,
93,海が舞台の炎の祭 大火勢,93-3,袖ヶ浜海水浴場,35.534145,135.660187,,
93,海が舞台の炎の祭 大火勢,93-4,大島地区（畑村）の蛇縄,35.530724,135.651352,,
93,海が舞台の炎の祭 大火勢,93-5,本郷地区の水無月祭,35.481644,135.625885,,
94,水上文学のふるさと　佐分利川,94-1,佐分利川,35.478687,135.623611,○,
94,水上文学のふるさと　佐分利川,94-2,８ｋｍにおよび桜並木,35.459553,135.607162,,
94,水上文学のふるさと　佐分利川,94-3,佐分利川の桜,35.478416,135.623856,,
94,水上文学のふるさと　佐分利川,94-4,若州一滴文庫,35.464443,135.607681,,
94,水上文学のふるさと　佐分利川,94-5,くるま椅子劇場,35.464725,135.607468,○,
94,水上文学のふるさと　佐分利川,94-6,若州一滴文庫　遠景,35.464165,135.608368,○,
95,星降る村　安倍晴明ゆかりの名田庄,95-1,名田庄口坂本地区の集落,35.401627,135.609085,○,
95,星降る村　安倍晴明ゆかりの名田庄,95-2,名田庄老左近地区の茅葺民家,35.397053,135.566467,,
95,星降る村　安倍晴明ゆかりの名田庄,95-3,納田終薬師堂（県文化財）,35.396465,135.592148,○,
95,星降る村　安倍晴明ゆかりの名田庄,95-4,暦会館,35.394505,135.584122,○,
95,星降る村　安倍晴明ゆかりの名田庄,95-5,野鹿の滝,35.386532,135.543869,○,
95,星降る村　安倍晴明ゆかりの名田庄,95-6,下村の獅子舞（県民俗文化財）,35.407799,135.652374,,
96,瓦屋根が連なる　高浜・旧丹後街道,96-1,安土山からの眺望,35.496002,135.57959,○,
96,瓦屋根が連なる　高浜・旧丹後街道,96-2,和田の海岸風景,35.492283,135.574738,,
96,瓦屋根が連なる　高浜・旧丹後街道,96-3,若宮の海岸風景,35.491039,135.54335,,
96,瓦屋根が連なる　高浜・旧丹後街道,96-4,若宮の町並み,35.491146,135.545425,○,
96,瓦屋根が連なる　高浜・旧丹後街道,96-5,和田地区の細い路地,35.491341,135.576035,,
96,瓦屋根が連なる　高浜・旧丹後街道,96-6,旧丹後街道の道しるべ,35.492283,135.577057,,
97,足利義満が愛でた奇勝　明鏡洞,97-1,明鏡洞,35.495258,135.553192,,
97,足利義満が愛でた奇勝　明鏡洞,97-2,妙見山から城山方面を望む,35.482704,135.546906,,
97,足利義満が愛でた奇勝　明鏡洞,97-3,城山公園,35.49464,135.55275,○,
97,足利義満が愛でた奇勝　明鏡洞,97-4,城山公園で行われる若狭たかはま漁火想,35.494602,135.552795,,
97,足利義満が愛でた奇勝　明鏡洞,97-5,城山公園の桜,35.494591,135.552734,,
97,足利義満が愛でた奇勝　明鏡洞,97-6,八穴の一穴　乙女ヶ洞,35.497288,135.55188,,
98,海にそびえ立つ若狭富士 青葉山,98-1,青葉山全景,35.495056,135.574509,○,
98,海にそびえ立つ若狭富士 青葉山,98-2,青葉山から見る高浜・和田海岸,35.505051,135.488358,○,
98,海にそびえ立つ若狭富士 青葉山,98-3,桜と青葉山,35.497032,135.580582,,
98,海にそびえ立つ若狭富士 青葉山,98-4,波間から見る青葉山,35.498657,135.576782,,
98,海にそびえ立つ若狭富士 青葉山,98-5,馬頭観音坐像,35.496212,135.500778,,
98,海にそびえ立つ若狭富士 青葉山,98-6,中山寺本堂,35.49601,135.500992,,
99,静かな海、棚田、漁村　風光明媚　内浦湾,99-1,日引の棚田の田植風景,35.541828,135.47168,○,
99,静かな海、棚田、漁村　風光明媚　内浦湾,99-2,昔ながらの「はさがけ」の風景,35.541794,135.47142,○,
99,静かな海、棚田、漁村　風光明媚　内浦湾,99-3,内浦湾と日引の棚田,35.542038,135.470947,○,
99,静かな海、棚田、漁村　風光明媚　内浦湾,99-4,漁村と棚田のある風景,35.541935,135.475647,,
99,静かな海、棚田、漁村　風光明媚　内浦湾,99-5,音海断崖,35.550331,135.502411,,
100,若狭路満喫　小浜線,100-1,電車の走る風景（黒河川鉄橋）,35.61335,136.057663,○,
100,若狭路満喫　小浜線,100-2,花と電車の風景,35.603859,135.933838,,
100,若狭路満喫　小浜線,100-3,田園と電車の風景（三十三間山から）,35.48877,135.920441,,
100,若狭路満喫　小浜線,100-4,十村駅,35.515881,135.896667,,
100,若狭路満喫　小浜線,100-5,紅葉と電車の風景,35.492928,135.730286,,
100,若狭路満喫　小浜線,100-6,小浜湾と電車の風景,35.48304,135.719116,,
100,若狭路満喫　小浜線,100-7,雪景色と電車の風景,35.481808,135.704453,,
100,若狭路満喫　小浜線,100-8,若狭本郷駅舎,35.482601,135.618881,,
100,若狭路満喫　小浜線,100-9,若狭高浜駅舎,35.486584,135.547607,,
